{"cameraMode":{"drawMode":0,"name":"Shaded","section":"Shading Mode"},"sceneLighting":true,"audioPlay":false,"sceneViewState":{"m_AlwaysRefresh":false,"showFog":true,"showSkybox":true,"showFlares":true,"showImageEffects":true,"showParticleSystems":true,"showVisualEffectGraphs":true,"m_FxEnabled":true},"in2DMode":false,"pivot":{"x":3.364591598510742,"y":0.30798348784446719,"z":2.1203231811523439},"rotation":{"x":-0.01327789481729269,"y":0.8251963257789612,"z":0.020347541198134424,"w":0.5646622180938721},"size":2.8717904090881349,"orthographic":false}